{"1": {"1": {"tx_bps": 286765690.5213159, "rx_bps": 286765690.5213159}, "2": {"tx_bps": 286765690.5213159, "rx_bps": 286765690.5213159, "tx_dropped": 20676}}, "2": {"1": {"tx_bps": 49507660.8842651, "rx_bps": 49507660.8842651}, "2": {"tx_bps": 49507660.8842651, "rx_bps": 49507660.8842651}}, "3": {"1": {"tx_bps": 157333480.55816144, "rx_bps": 157333480.55816144}, "2": {"tx_bps": 157333480.55816144, "rx_bps": 157333480.55816144, "tx_dropped": 7733}}, "4": {"4": {"tx_bps": 493606831.96374243, "rx_bps": 493606831.96374243}}}